city,date,temp_c,humidity,rainfall_mm,wind_speed_kph
Hanoi,13/12/2023,24.5,75,0.78,16.9
Ho Chi Minh City,13/12/2023,27.6,66,0.0,11.2
Da Nang,13/12/2023,24.5,80,0.42,10.8
Hanoi,14/12/2023,25.4,72,0.02,20.9
Ho Chi Minh City,14/12/2023,27.9,67,0.0,15.8
Da Nang,14/12/2023,23.8,83,0.03,10.4
Hanoi,15/12/2023,24.7,80,0.16,11.9
Ho Chi Minh City,15/12/2023,27.8,66,0.0,14.8
Da Nang,15/12/2023,24.1,89,0.06,10.1
Hanoi,16/12/2023,17.4,81,10.31,32.0
Ho Chi Minh City,16/12/2023,27.8,69,0.0,15.5
Da Nang,16/12/2023,23.3,90,12.99,28.4
Hanoi,17/12/2023,12.1,70,0.5,19.8
Ho Chi Minh City,17/12/2023,27.9,68,0.37,12.6
Da Nang,17/12/2023,17.9,90,8.04,22.0
Hanoi,18/12/2023,16.3,66,0.03,10.8
Ho Chi Minh City,18/12/2023,28.0,66,0.21,12.2
Da Nang,18/12/2023,18.3,87,0.92,13.0
Hanoi,19/12/2023,15.3,73,0.37,18.7
Ho Chi Minh City,19/12/2023,27.9,69,1.26,12.6
Da Nang,19/12/2023,19.9,93,15.24,21.6
Hanoi,20/12/2023,13.6,62,0.08,18.7
Ho Chi Minh City,20/12/2023,27.0,73,2.0,11.9
Da Nang,20/12/2023,16.1,87,4.38,19.4
Hanoi,21/12/2023,16.1,45,0.0,22.0
Ho Chi Minh City,21/12/2023,27.6,58,0.0,22.3
Da Nang,21/12/2023,15.6,77,2.35,17.3
Hanoi,22/12/2023,14.7,38,0.0,24.1
Ho Chi Minh City,22/12/2023,26.3,61,0.11,24.8
Da Nang,22/12/2023,15.0,77,2.82,20.5
Hanoi,23/12/2023,14.8,36,0.0,15.8
Ho Chi Minh City,23/12/2023,25.5,67,0.12,19.4
Da Nang,23/12/2023,14.6,73,2.47,19.1
Hanoi,24/12/2023,16.6,37,0.0,20.2
Ho Chi Minh City,24/12/2023,26.6,63,0.09,14.8
Da Nang,24/12/2023,15.0,70,0.68,15.5
Hanoi,25/12/2023,17.1,34,0.0,15.1
Ho Chi Minh City,25/12/2023,27.0,60,0.01,16.9
Da Nang,25/12/2023,16.0,65,0.18,12.6
Hanoi,26/12/2023,17.2,47,0.0,9.4
Ho Chi Minh City,26/12/2023,26.5,62,0.0,15.8
Da Nang,26/12/2023,16.4,78,2.04,16.9
Hanoi,27/12/2023,19.2,57,0.0,14.8
Ho Chi Minh City,27/12/2023,27.4,64,1.37,10.4
Da Nang,27/12/2023,18.0,85,1.51,10.8
Hanoi,28/12/2023,20.6,63,0.0,16.2
Ho Chi Minh City,28/12/2023,28.3,67,1.8,13.0
Da Nang,28/12/2023,19.4,88,0.72,9.7
Hanoi,29/12/2023,21.0,75,0.31,7.6
Ho Chi Minh City,29/12/2023,28.1,70,2.83,15.8
Da Nang,29/12/2023,20.1,92,1.83,10.4
Hanoi,30/12/2023,22.0,78,0.98,15.1
Ho Chi Minh City,30/12/2023,28.0,69,1.15,14.0
Da Nang,30/12/2023,20.5,95,4.16,11.9
Hanoi,31/12/2023,22.3,76,0.29,12.2
Ho Chi Minh City,31/12/2023,27.8,69,0.01,16.2
Da Nang,31/12/2023,21.3,93,1.01,8.3
Hanoi,01/01/2024,22.5,72,0.08,18.7
Ho Chi Minh City,01/01/2024,28.3,66,0.0,17.3
Da Nang,01/01/2024,21.4,92,1.22,8.6
Hanoi,02/01/2024,22.7,77,1.68,17.6
Ho Chi Minh City,02/01/2024,28.4,63,0.0,17.3
Da Nang,02/01/2024,20.9,93,0.76,5.0
Hanoi,03/01/2024,19.1,80,3.18,21.6
Ho Chi Minh City,03/01/2024,28.5,63,0.0,18.7
Da Nang,03/01/2024,21.5,93,12.3,20.2
Hanoi,04/01/2024,19.0,71,0.08,9.0
Ho Chi Minh City,04/01/2024,27.8,61,0.0,18.0
Da Nang,04/01/2024,18.5,92,5.27,12.6
Hanoi,05/01/2024,21.1,74,0.55,13.7
Ho Chi Minh City,05/01/2024,27.8,59,0.0,13.0
Da Nang,05/01/2024,19.7,90,0.4,7.2
Hanoi,06/01/2024,21.6,76,1.31,16.6
Ho Chi Minh City,06/01/2024,28.6,58,0.08,16.6
Da Nang,06/01/2024,20.6,88,0.73,5.8
Hanoi,07/01/2024,22.1,72,0.59,17.6
Ho Chi Minh City,07/01/2024,28.3,64,0.0,17.3
Da Nang,07/01/2024,21.6,86,1.5,9.4
Hanoi,08/01/2024,22.1,78,0.8,18.4
Ho Chi Minh City,08/01/2024,28.0,65,0.0,18.7
Da Nang,08/01/2024,21.9,88,0.47,10.8
Hanoi,09/01/2024,22.3,78,0.76,15.5
Ho Chi Minh City,09/01/2024,28.4,62,0.0,18.7
Da Nang,09/01/2024,21.9,85,0.09,12.6
Hanoi,10/01/2024,19.9,89,17.44,10.4
Ho Chi Minh City,10/01/2024,28.2,61,0.0,18.4
Da Nang,10/01/2024,22.3,88,1.15,10.1
Hanoi,11/01/2024,18.0,88,5.2,9.4
Ho Chi Minh City,11/01/2024,28.1,60,0.0,19.8
Da Nang,11/01/2024,22.0,90,3.77,6.5
Hanoi,12/01/2024,17.5,91,8.81,8.3
Ho Chi Minh City,12/01/2024,27.0,60,0.0,20.5
Da Nang,12/01/2024,22.1,84,0.82,14.8
Hanoi,13/01/2024,18.5,89,2.47,6.5
Ho Chi Minh City,13/01/2024,26.8,59,0.0,20.5
Da Nang,13/01/2024,21.7,85,3.14,15.1
Hanoi,14/01/2024,20.9,78,0.51,10.4
Ho Chi Minh City,14/01/2024,26.9,56,0.0,18.0
Da Nang,14/01/2024,20.9,89,2.46,14.0
Hanoi,15/01/2024,21.4,77,0.32,15.1
Ho Chi Minh City,15/01/2024,27.2,58,0.0,14.8
Da Nang,15/01/2024,20.9,89,2.12,8.3
Hanoi,16/01/2024,20.8,79,1.01,16.2
Ho Chi Minh City,16/01/2024,28.1,54,0.0,14.4
Da Nang,16/01/2024,21.8,81,1.91,16.2
Hanoi,17/01/2024,21.4,78,1.1,18.4
Ho Chi Minh City,17/01/2024,28.3,55,0.0,18.7
Da Nang,17/01/2024,21.4,82,1.13,12.6
Hanoi,18/01/2024,21.9,80,0.88,17.3
Ho Chi Minh City,18/01/2024,29.0,55,0.0,19.4
Da Nang,18/01/2024,21.4,87,0.08,11.9
Hanoi,19/01/2024,22.4,80,1.43,17.3
Ho Chi Minh City,19/01/2024,28.1,58,0.0,23.0
Da Nang,19/01/2024,21.8,87,0.02,13.7
Hanoi,20/01/2024,22.1,79,1.18,15.8
Ho Chi Minh City,20/01/2024,27.3,61,0.0,18.7
Da Nang,20/01/2024,21.7,83,0.03,13.0
Hanoi,21/01/2024,20.1,79,1.43,14.8
Ho Chi Minh City,21/01/2024,27.6,58,0.0,20.2
Da Nang,21/01/2024,21.9,84,0.95,13.7
Hanoi,22/01/2024,12.4,79,6.88,30.2
Ho Chi Minh City,22/01/2024,28.1,54,0.0,21.2
Da Nang,22/01/2024,19.6,88,19.08,25.9
Hanoi,23/01/2024,9.4,68,0.09,19.4
Ho Chi Minh City,23/01/2024,28.5,55,0.0,20.9
Da Nang,23/01/2024,12.6,85,7.34,19.4
Hanoi,24/01/2024,10.3,61,0.0,13.0
Ho Chi Minh City,24/01/2024,28.5,55,0.0,20.5
Da Nang,24/01/2024,12.9,82,6.72,17.6
Hanoi,25/01/2024,11.3,60,0.0,9.7
Ho Chi Minh City,25/01/2024,28.2,55,0.0,18.4
Da Nang,25/01/2024,13.8,85,4.94,14.0
Hanoi,26/01/2024,11.8,66,0.0,8.3
Ho Chi Minh City,26/01/2024,28.0,55,0.0,20.5
Da Nang,26/01/2024,14.7,87,2.76,15.1
Hanoi,27/01/2024,12.8,71,0.37,10.4
Ho Chi Minh City,27/01/2024,27.3,57,0.0,22.7
Da Nang,27/01/2024,15.7,88,2.91,16.2
Hanoi,28/01/2024,12.3,67,0.01,12.6
Ho Chi Minh City,28/01/2024,27.5,54,0.0,18.0
Da Nang,28/01/2024,14.4,89,4.27,12.6
Hanoi,29/01/2024,13.7,72,1.0,7.9
Ho Chi Minh City,29/01/2024,27.8,52,0.0,18.4
Da Nang,29/01/2024,15.1,90,5.44,10.8
Hanoi,30/01/2024,17.6,73,0.05,8.6
Ho Chi Minh City,30/01/2024,27.9,54,0.0,21.2
Da Nang,30/01/2024,18.5,87,0.08,9.4
Hanoi,31/01/2024,18.9,84,0.19,10.4
Ho Chi Minh City,31/01/2024,27.7,59,0.0,20.9
Da Nang,31/01/2024,21.1,89,0.02,11.5
Hanoi,01/02/2024,22.3,85,0.6,17.3
Ho Chi Minh City,01/02/2024,28.0,62,0.0,22.3
Da Nang,01/02/2024,22.5,89,0.0,12.6
Hanoi,02/02/2024,22.9,83,0.76,21.6
Ho Chi Minh City,02/02/2024,28.0,63,0.0,21.2
Da Nang,02/02/2024,22.8,89,0.0,13.0
Hanoi,03/02/2024,22.9,83,1.47,20.5
Ho Chi Minh City,03/02/2024,28.1,67,0.0,23.4
Da Nang,03/02/2024,23.0,89,0.0,10.4
Hanoi,04/02/2024,23.4,82,0.41,20.5
Ho Chi Minh City,04/02/2024,28.4,65,0.0,21.6
Da Nang,04/02/2024,23.4,87,0.0,13.7
Hanoi,05/02/2024,23.2,80,0.48,21.6
Ho Chi Minh City,05/02/2024,28.6,66,0.0,22.7
Da Nang,05/02/2024,23.1,88,0.03,12.2
Hanoi,06/02/2024,22.5,85,0.63,21.2
Ho Chi Minh City,06/02/2024,28.9,64,0.0,24.1
Da Nang,06/02/2024,23.1,89,0.02,14.0
Hanoi,07/02/2024,21.4,85,1.15,19.1
Ho Chi Minh City,07/02/2024,28.5,68,0.0,24.5
Da Nang,07/02/2024,23.2,87,0.02,15.1
Hanoi,08/02/2024,14.1,76,1.13,15.8
Ho Chi Minh City,08/02/2024,28.1,67,0.0,22.3
Da Nang,08/02/2024,19.4,92,3.54,16.9
Hanoi,09/02/2024,14.0,58,0.11,18.7
Ho Chi Minh City,09/02/2024,29.0,63,0.0,27.0
Da Nang,09/02/2024,17.0,89,4.99,20.2
Hanoi,10/02/2024,17.4,49,0.0,12.6
Ho Chi Minh City,10/02/2024,28.7,57,0.0,26.3
Da Nang,10/02/2024,15.7,79,2.63,14.4
Hanoi,11/02/2024,19.2,51,0.0,17.3
Ho Chi Minh City,11/02/2024,28.4,53,0.0,20.2
Da Nang,11/02/2024,17.2,72,0.01,15.5
Hanoi,12/02/2024,18.9,67,0.02,18.7
Ho Chi Minh City,12/02/2024,27.9,52,0.0,21.6
Da Nang,12/02/2024,17.3,81,0.0,9.4
Hanoi,13/02/2024,19.1,83,0.37,14.0
Ho Chi Minh City,13/02/2024,28.9,50,0.0,20.2
Da Nang,13/02/2024,18.7,88,0.26,8.6
Hanoi,14/02/2024,21.6,74,0.39,20.9
Ho Chi Minh City,14/02/2024,29.5,52,0.0,22.0
Da Nang,14/02/2024,20.6,86,0.04,14.8
Hanoi,15/02/2024,21.1,80,0.76,12.6
Ho Chi Minh City,15/02/2024,30.2,51,0.0,29.2
Da Nang,15/02/2024,21.4,89,0.84,12.2
Hanoi,16/02/2024,21.7,71,0.36,17.6
Ho Chi Minh City,16/02/2024,29.5,52,0.0,26.6
Da Nang,16/02/2024,21.3,85,1.25,11.9
Hanoi,17/02/2024,22.2,74,0.05,21.6
Ho Chi Minh City,17/02/2024,28.7,54,0.0,24.1
Da Nang,17/02/2024,21.7,83,0.0,15.8
Hanoi,18/02/2024,24.5,75,0.28,25.6
Ho Chi Minh City,18/02/2024,28.8,61,0.0,25.9
Da Nang,18/02/2024,23.1,82,0.0,13.3
Hanoi,19/02/2024,25.4,75,0.07,23.0
Ho Chi Minh City,19/02/2024,29.0,64,0.0,25.9
Da Nang,19/02/2024,25.3,75,0.0,13.3
Hanoi,20/02/2024,25.7,74,0.14,24.5
Ho Chi Minh City,20/02/2024,28.9,65,0.0,26.3
Da Nang,20/02/2024,26.1,71,0.0,17.6
Hanoi,21/02/2024,26.4,72,0.02,25.6
Ho Chi Minh City,21/02/2024,28.6,67,0.0,27.0
Da Nang,21/02/2024,26.4,71,0.0,19.1
Hanoi,22/02/2024,25.1,76,0.23,19.8
Ho Chi Minh City,22/02/2024,28.8,65,0.0,25.2
Da Nang,22/02/2024,24.9,80,0.0,14.8
Hanoi,23/02/2024,23.1,79,1.06,16.2
Ho Chi Minh City,23/02/2024,29.0,65,0.01,25.2
Da Nang,23/02/2024,24.1,84,0.61,15.5
Hanoi,24/02/2024,21.3,80,1.22,17.6
Ho Chi Minh City,24/02/2024,29.7,58,0.0,28.4
Da Nang,24/02/2024,23.5,82,1.03,16.9
Hanoi,25/02/2024,15.5,76,0.16,8.3
Ho Chi Minh City,25/02/2024,29.3,52,0.0,20.5
Da Nang,25/02/2024,18.8,89,2.05,13.3
Hanoi,26/02/2024,17.2,76,0.24,13.3
Ho Chi Minh City,26/02/2024,29.5,52,0.0,23.4
Da Nang,26/02/2024,19.5,88,0.51,11.9
Hanoi,27/02/2024,16.0,83,2.01,10.1
Ho Chi Minh City,27/02/2024,29.8,54,0.31,26.6
Da Nang,27/02/2024,19.7,93,4.3,15.5
Hanoi,28/02/2024,16.5,80,0.22,11.5
Ho Chi Minh City,28/02/2024,29.8,53,0.0,25.6
Da Nang,28/02/2024,19.7,89,0.31,12.2
Hanoi,29/02/2024,19.4,81,1.91,19.4
Ho Chi Minh City,29/02/2024,29.6,51,0.0,28.1
Da Nang,29/02/2024,21.5,86,0.17,14.8
Hanoi,01/03/2024,14.0,72,0.63,18.0
Ho Chi Minh City,01/03/2024,30.0,50,0.0,27.0
Da Nang,01/03/2024,19.4,92,6.11,17.6
Hanoi,02/03/2024,14.2,63,0.01,9.7
Ho Chi Minh City,02/03/2024,29.9,54,0.0,27.4
Da Nang,02/03/2024,17.0,88,1.31,13.3
Hanoi,03/03/2024,18.6,76,0.01,17.6
Ho Chi Minh City,03/03/2024,29.8,56,0.0,25.9
Da Nang,03/03/2024,19.0,84,0.07,14.4
Hanoi,04/03/2024,23.7,75,0.24,21.2
Ho Chi Minh City,04/03/2024,29.5,59,0.0,26.3
Da Nang,04/03/2024,24.2,77,0.01,16.2
Hanoi,05/03/2024,26.7,66,0.0,18.7
Ho Chi Minh City,05/03/2024,29.5,63,0.01,22.3
Da Nang,05/03/2024,29.1,49,0.0,13.0
Hanoi,06/03/2024,26.1,66,0.01,22.0
Ho Chi Minh City,06/03/2024,30.1,62,0.0,23.8
Da Nang,06/03/2024,25.3,64,0.31,19.8
Hanoi,07/03/2024,21.6,61,0.04,15.1
Ho Chi Minh City,07/03/2024,30.0,59,0.0,23.8
Da Nang,07/03/2024,21.6,89,1.25,14.0
Hanoi,08/03/2024,19.0,66,0.19,14.8
Ho Chi Minh City,08/03/2024,29.8,54,0.0,27.7
Da Nang,08/03/2024,19.7,90,2.67,16.2
Hanoi,09/03/2024,18.7,77,0.64,12.2
Ho Chi Minh City,09/03/2024,30.1,53,0.0,29.9
Da Nang,09/03/2024,20.0,89,0.7,11.9
Hanoi,10/03/2024,18.0,88,3.09,8.3
Ho Chi Minh City,10/03/2024,29.8,52,0.0,27.0
Da Nang,10/03/2024,20.3,92,1.15,11.9
Hanoi,11/03/2024,18.4,81,1.6,14.8
Ho Chi Minh City,11/03/2024,30.4,51,0.0,29.5
Da Nang,11/03/2024,19.9,93,3.31,16.2
Hanoi,12/03/2024,20.2,78,0.99,16.2
Ho Chi Minh City,12/03/2024,29.8,57,0.0,27.0
Da Nang,12/03/2024,20.7,86,0.11,16.2
Hanoi,13/03/2024,21.8,83,2.01,21.2
Ho Chi Minh City,13/03/2024,29.3,58,0.0,27.0
Da Nang,13/03/2024,21.9,86,0.01,13.7
Hanoi,14/03/2024,20.8,91,7.36,12.2
Ho Chi Minh City,14/03/2024,29.6,58,0.0,27.4
Da Nang,14/03/2024,23.9,88,1.4,16.6
Hanoi,15/03/2024,22.1,89,1.48,16.2
Ho Chi Minh City,15/03/2024,29.7,55,0.0,28.1
Da Nang,15/03/2024,24.2,85,0.03,18.0
Hanoi,16/03/2024,23.9,81,0.66,18.4
Ho Chi Minh City,16/03/2024,29.3,60,0.0,26.3
Da Nang,16/03/2024,23.8,87,0.5,15.1
Hanoi,17/03/2024,24.1,84,0.24,18.0
Ho Chi Minh City,17/03/2024,29.8,57,0.0,24.8
Da Nang,17/03/2024,24.7,86,3.76,15.8
Hanoi,18/03/2024,25.0,80,0.22,17.6
Ho Chi Minh City,18/03/2024,29.5,58,0.0,28.4
Da Nang,18/03/2024,24.6,86,3.52,12.6
Hanoi,19/03/2024,20.3,75,6.11,28.1
Ho Chi Minh City,19/03/2024,29.9,52,0.0,29.9
Da Nang,19/03/2024,22.0,92,10.43,21.6
Hanoi,20/03/2024,18.5,64,0.07,13.3
Ho Chi Minh City,20/03/2024,29.8,48,0.0,27.0
Da Nang,20/03/2024,18.4,89,2.73,16.6
Hanoi,21/03/2024,21.7,69,0.0,23.4
Ho Chi Minh City,21/03/2024,29.8,53,0.0,26.3
Da Nang,21/03/2024,20.4,82,0.1,13.7
Hanoi,22/03/2024,23.2,81,3.23,24.1
Ho Chi Minh City,22/03/2024,29.8,56,0.0,28.1
Da Nang,22/03/2024,23.3,82,0.0,13.7
Hanoi,23/03/2024,25.4,80,0.84,25.6
Ho Chi Minh City,23/03/2024,29.3,63,0.04,24.5
Da Nang,23/03/2024,25.6,78,0.03,15.1
Hanoi,24/03/2024,25.4,81,0.41,24.1
Ho Chi Minh City,24/03/2024,29.9,60,0.0,24.5
Da Nang,24/03/2024,26.0,77,0.83,13.3
Hanoi,25/03/2024,25.5,81,0.27,16.9
Ho Chi Minh City,25/03/2024,30.2,62,0.02,27.0
Da Nang,25/03/2024,26.3,79,0.22,14.4
Hanoi,26/03/2024,25.9,77,0.17,19.1
Ho Chi Minh City,26/03/2024,31.2,54,0.0,29.5
Da Nang,26/03/2024,24.7,86,0.4,14.8
Hanoi,27/03/2024,26.1,75,0.18,22.0
Ho Chi Minh City,27/03/2024,31.4,53,0.0,28.8
Da Nang,27/03/2024,25.0,83,0.08,18.0
Hanoi,28/03/2024,24.2,86,5.43,16.6
Ho Chi Minh City,28/03/2024,30.9,57,0.07,23.8
Da Nang,28/03/2024,24.4,89,0.95,13.0
Hanoi,29/03/2024,26.2,76,1.09,21.2
Ho Chi Minh City,29/03/2024,30.1,64,0.42,26.6
Da Nang,29/03/2024,24.5,88,1.9,12.2
Hanoi,30/03/2024,26.9,77,4.37,22.0
Ho Chi Minh City,30/03/2024,30.9,61,0.0,25.2
Da Nang,30/03/2024,27.6,74,0.1,12.2
Hanoi,31/03/2024,27.8,74,0.06,22.0
Ho Chi Minh City,31/03/2024,31.1,61,0.54,24.8
Da Nang,31/03/2024,29.7,62,0.0,15.1
Hanoi,01/04/2024,29.0,67,0.0,26.3
Ho Chi Minh City,01/04/2024,31.1,57,0.0,25.6
Da Nang,01/04/2024,30.3,56,0.0,13.7
Hanoi,02/04/2024,29.2,65,0.0,26.3
Ho Chi Minh City,02/04/2024,30.5,56,0.0,23.4
Da Nang,02/04/2024,30.3,55,0.0,15.1
Hanoi,03/04/2024,29.4,68,0.0,24.5
Ho Chi Minh City,03/04/2024,30.6,60,0.01,22.7
Da Nang,03/04/2024,30.8,54,0.0,15.8
Hanoi,04/04/2024,28.6,74,0.05,26.3
Ho Chi Minh City,04/04/2024,31.6,57,0.11,27.0
Da Nang,04/04/2024,30.1,60,0.0,15.8
Hanoi,05/04/2024,26.7,77,0.65,21.2
Ho Chi Minh City,05/04/2024,30.9,54,0.0,27.7
Da Nang,05/04/2024,27.7,73,0.0,16.6
Hanoi,06/04/2024,26.6,76,0.85,20.5
Ho Chi Minh City,06/04/2024,31.0,56,0.0,27.4
Da Nang,06/04/2024,26.5,82,0.03,16.6
Hanoi,07/04/2024,26.4,81,0.95,19.8
Ho Chi Minh City,07/04/2024,31.1,59,0.0,26.6
Da Nang,07/04/2024,26.8,79,0.0,16.6
Hanoi,08/04/2024,22.8,86,2.45,16.6
Ho Chi Minh City,08/04/2024,31.1,58,0.0,27.0
Da Nang,08/04/2024,25.9,89,3.28,15.8
Hanoi,09/04/2024,21.5,86,2.13,9.4
Ho Chi Minh City,09/04/2024,31.6,54,0.0,31.7
Da Nang,09/04/2024,23.6,95,3.35,9.7
Hanoi,10/04/2024,24.5,81,0.5,18.0
Ho Chi Minh City,10/04/2024,31.6,49,0.0,27.7
Da Nang,10/04/2024,25.0,85,0.41,18.4
Hanoi,11/04/2024,26.3,80,0.33,23.8
Ho Chi Minh City,11/04/2024,32.1,50,0.0,29.5
Da Nang,11/04/2024,26.0,82,0.05,18.0
Hanoi,12/04/2024,27.4,76,0.87,23.8
Ho Chi Minh City,12/04/2024,31.4,57,0.0,28.8
Da Nang,12/04/2024,26.3,81,0.02,20.5
Hanoi,13/04/2024,27.8,74,0.13,26.3
Ho Chi Minh City,13/04/2024,30.8,60,0.08,25.9
Da Nang,13/04/2024,26.6,79,0.0,17.3
Hanoi,14/04/2024,27.8,72,3.79,24.8
Ho Chi Minh City,14/04/2024,31.2,56,0.0,29.5
Da Nang,14/04/2024,27.1,76,0.0,17.3
Hanoi,15/04/2024,26.4,75,1.21,25.6
Ho Chi Minh City,15/04/2024,31.6,58,0.07,27.4
Da Nang,15/04/2024,27.2,79,5.38,16.9
Hanoi,16/04/2024,27.4,69,0.22,27.7
Ho Chi Minh City,16/04/2024,31.5,59,0.16,29.2
Da Nang,16/04/2024,27.2,78,0.05,16.9
Hanoi,17/04/2024,27.7,72,6.77,28.8
Ho Chi Minh City,17/04/2024,31.5,57,0.13,26.3
Da Nang,17/04/2024,27.3,79,0.38,18.0
Hanoi,18/04/2024,28.1,74,0.08,24.1
Ho Chi Minh City,18/04/2024,31.1,61,0.39,23.0
Da Nang,18/04/2024,27.5,80,0.07,14.8
Hanoi,19/04/2024,28.6,75,8.92,24.8
Ho Chi Minh City,19/04/2024,31.3,59,0.03,25.2
Da Nang,19/04/2024,30.2,63,0.0,16.2
Hanoi,20/04/2024,30.2,68,0.42,23.4
Ho Chi Minh City,20/04/2024,31.4,57,0.06,23.8
Da Nang,20/04/2024,32.2,50,0.02,18.4
Hanoi,21/04/2024,28.7,75,0.25,22.3
Ho Chi Minh City,21/04/2024,31.6,53,0.02,23.8
Da Nang,21/04/2024,31.0,56,0.0,11.5
Hanoi,22/04/2024,28.2,73,1.46,18.0
Ho Chi Minh City,22/04/2024,31.0,57,0.0,22.3
Da Nang,22/04/2024,28.4,72,0.0,18.4
Hanoi,23/04/2024,26.8,84,2.17,14.0
Ho Chi Minh City,23/04/2024,31.6,55,0.0,23.0
Da Nang,23/04/2024,27.5,81,0.0,19.1
Hanoi,24/04/2024,26.0,80,4.91,18.7
Ho Chi Minh City,24/04/2024,31.7,60,0.11,26.3
Da Nang,24/04/2024,27.7,83,0.41,19.4
Hanoi,25/04/2024,27.6,77,0.41,30.2
Ho Chi Minh City,25/04/2024,32.2,60,0.63,24.8
Da Nang,25/04/2024,27.8,83,0.11,15.5
Hanoi,26/04/2024,29.6,75,0.09,21.2
Ho Chi Minh City,26/04/2024,32.6,60,0.06,25.9
Da Nang,26/04/2024,32.3,54,0.0,20.9
Hanoi,27/04/2024,32.8,55,0.0,23.4
Ho Chi Minh City,27/04/2024,32.6,57,0.0,24.5
Da Nang,27/04/2024,35.4,36,0.0,20.2
Hanoi,28/04/2024,31.8,59,0.0,23.8
Ho Chi Minh City,28/04/2024,32.4,55,0.0,20.2
Da Nang,28/04/2024,34.1,40,0.0,14.8
Hanoi,29/04/2024,31.6,66,0.01,27.7
Ho Chi Minh City,29/04/2024,32.9,55,0.0,25.9
Da Nang,29/04/2024,33.8,45,0.0,18.4
Hanoi,30/04/2024,32.5,58,0.08,25.9
Ho Chi Minh City,30/04/2024,32.4,59,0.33,21.6
Da Nang,30/04/2024,35.3,38,0.0,20.5
Hanoi,01/05/2024,26.7,71,6.72,21.6
Ho Chi Minh City,01/05/2024,32.4,60,0.7,21.2
Da Nang,01/05/2024,29.5,67,0.34,25.6
Hanoi,02/05/2024,24.4,85,11.59,9.7
Ho Chi Minh City,02/05/2024,32.7,57,0.34,24.5
Da Nang,02/05/2024,28.7,83,3.08,20.5
Hanoi,03/05/2024,26.7,86,23.06,22.3
Ho Chi Minh City,03/05/2024,32.9,55,0.53,27.7
Da Nang,03/05/2024,26.8,88,11.31,18.4
Hanoi,04/05/2024,26.6,83,5.19,22.3
Ho Chi Minh City,04/05/2024,31.8,61,6.94,21.2
Da Nang,04/05/2024,28.5,78,11.77,23.8
Hanoi,05/05/2024,27.4,83,9.51,23.8
Ho Chi Minh City,05/05/2024,30.5,67,37.48,17.3
Da Nang,05/05/2024,28.5,78,0.83,18.4
Hanoi,06/05/2024,27.7,82,9.12,20.5
Ho Chi Minh City,06/05/2024,31.1,59,0.0,23.0
Da Nang,06/05/2024,27.6,84,0.79,15.1
Hanoi,07/05/2024,27.4,82,1.87,15.1
Ho Chi Minh City,07/05/2024,31.7,59,5.96,21.6
Da Nang,07/05/2024,27.7,80,0.1,20.9
Hanoi,08/05/2024,27.9,75,1.92,19.8
Ho Chi Minh City,08/05/2024,32.5,57,1.9,26.3
Da Nang,08/05/2024,27.2,81,0.01,18.7
Hanoi,09/05/2024,26.2,83,8.3,16.9
Ho Chi Minh City,09/05/2024,31.4,61,3.89,22.7
Da Nang,09/05/2024,26.7,81,1.47,15.5
Hanoi,10/05/2024,25.9,84,0.78,21.6
Ho Chi Minh City,10/05/2024,31.6,61,0.06,24.5
Da Nang,10/05/2024,26.0,87,14.61,12.2
Hanoi,11/05/2024,28.3,79,0.78,19.1
Ho Chi Minh City,11/05/2024,31.7,61,1.76,20.9
Da Nang,11/05/2024,26.6,82,3.25,24.1
Hanoi,12/05/2024,27.6,84,34.23,12.2
Ho Chi Minh City,12/05/2024,31.4,64,1.89,16.6
Da Nang,12/05/2024,27.5,83,13.68,17.3
Hanoi,13/05/2024,26.0,81,20.39,14.8
Ho Chi Minh City,13/05/2024,30.7,66,11.63,16.6
Da Nang,13/05/2024,26.2,89,11.21,10.4
Hanoi,14/05/2024,27.3,76,2.85,15.8
Ho Chi Minh City,14/05/2024,30.5,67,8.84,12.6
Da Nang,14/05/2024,27.1,81,2.88,12.6
Hanoi,15/05/2024,27.4,80,12.58,16.2
Ho Chi Minh City,15/05/2024,31.1,65,7.52,19.8
Da Nang,15/05/2024,27.4,80,0.6,13.0
Hanoi,16/05/2024,25.4,85,6.71,10.8
Ho Chi Minh City,16/05/2024,30.1,71,4.69,18.4
Da Nang,16/05/2024,27.4,80,4.37,13.0
Hanoi,17/05/2024,26.4,77,3.56,17.3
Ho Chi Minh City,17/05/2024,30.5,69,3.1,16.2
Da Nang,17/05/2024,26.9,83,4.7,13.7
Hanoi,18/05/2024,27.8,84,8.23,12.6
Ho Chi Minh City,18/05/2024,31.2,62,1.52,19.4
Da Nang,18/05/2024,28.6,80,0.44,12.2
Hanoi,19/05/2024,27.2,85,13.64,21.6
Ho Chi Minh City,19/05/2024,30.8,67,9.17,15.5
Da Nang,19/05/2024,29.4,78,11.95,24.5
Hanoi,20/05/2024,27.5,79,12.56,17.6
Ho Chi Minh City,20/05/2024,30.9,66,1.41,14.0
Da Nang,20/05/2024,26.5,89,39.95,19.4
Hanoi,21/05/2024,27.8,69,0.34,16.2
Ho Chi Minh City,21/05/2024,29.6,74,21.01,12.2
Da Nang,21/05/2024,26.4,84,6.85,9.7
Hanoi,22/05/2024,28.3,73,3.09,10.8
Ho Chi Minh City,22/05/2024,29.6,74,18.63,11.5
Da Nang,22/05/2024,26.4,82,2.39,9.0
Hanoi,23/05/2024,28.2,77,9.46,15.1
Ho Chi Minh City,23/05/2024,30.4,68,1.99,14.8
Da Nang,23/05/2024,25.8,84,0.5,9.4
Hanoi,24/05/2024,28.4,73,0.68,17.6
Ho Chi Minh City,24/05/2024,30.9,64,1.22,19.8
Da Nang,24/05/2024,25.7,88,2.07,6.8
Hanoi,25/05/2024,28.8,75,3.63,21.2
Ho Chi Minh City,25/05/2024,31.0,66,3.35,17.6
Da Nang,25/05/2024,27.7,80,0.6,11.5
Hanoi,26/05/2024,26.9,84,0.0,14.4
Ho Chi Minh City,26/05/2024,31.4,64,4.66,15.5
Da Nang,26/05/2024,27.5,82,1.25,9.0
Hanoi,27/05/2024,27.0,86,0.0,9.4
Ho Chi Minh City,27/05/2024,32.0,61,1.25,13.7
Da Nang,27/05/2024,31.0,67,0.0,13.3
Hanoi,28/05/2024,29.0,76,0.0,7.2
Ho Chi Minh City,28/05/2024,32.4,58,0.97,20.2
Da Nang,28/05/2024,30.1,65,0.0,14.0
Hanoi,29/05/2024,29.2,80,0.05,15.8
Ho Chi Minh City,29/05/2024,30.4,69,5.36,16.6
Da Nang,29/05/2024,32.1,61,0.0,16.2
Hanoi,30/05/2024,27.9,86,28.44,22.7
Ho Chi Minh City,30/05/2024,31.3,63,1.59,22.0
Da Nang,30/05/2024,31.2,70,9.77,15.1
Hanoi,31/05/2024,26.1,81,6.7,15.5
Ho Chi Minh City,31/05/2024,29.6,72,22.57,15.1
Da Nang,31/05/2024,25.4,94,77.94,14.8
Hanoi,01/06/2024,29.3,67,0.0,15.1
Ho Chi Minh City,01/06/2024,28.3,78,8.52,13.7
Da Nang,01/06/2024,26.1,88,6.43,10.4
Hanoi,02/06/2024,29.4,75,2.57,16.2
Ho Chi Minh City,02/06/2024,29.4,72,1.27,10.4
Da Nang,02/06/2024,26.8,84,1.82,15.5
Hanoi,03/06/2024,30.7,72,3.21,16.2
Ho Chi Minh City,03/06/2024,31.7,60,0.6,16.2
Da Nang,03/06/2024,29.7,69,0.0,19.1
Hanoi,04/06/2024,27.3,86,20.46,14.0
Ho Chi Minh City,04/06/2024,31.6,60,2.0,15.1
Da Nang,04/06/2024,30.9,66,0.2,14.4
Hanoi,05/06/2024,26.3,87,23.93,19.1
Ho Chi Minh City,05/06/2024,28.5,74,7.61,15.5
Da Nang,05/06/2024,30.5,66,0.39,10.4
Hanoi,06/06/2024,23.9,91,10.32,11.2
Ho Chi Minh City,06/06/2024,29.2,70,9.39,14.4
Da Nang,06/06/2024,28.0,85,9.44,15.1
Hanoi,07/06/2024,27.2,85,8.51,10.1
Ho Chi Minh City,07/06/2024,31.2,62,5.11,14.8
Da Nang,07/06/2024,28.9,77,0.0,8.6
Hanoi,08/06/2024,27.4,89,28.26,8.6
Ho Chi Minh City,08/06/2024,30.5,67,5.65,13.7
Da Nang,08/06/2024,29.9,70,0.02,9.4
Hanoi,09/06/2024,27.9,84,20.73,15.5
Ho Chi Minh City,09/06/2024,27.7,79,18.63,15.8
Da Nang,09/06/2024,29.6,70,0.99,11.5
Hanoi,10/06/2024,27.3,88,37.5,13.3
Ho Chi Minh City,10/06/2024,26.5,83,11.64,25.2
Da Nang,10/06/2024,29.2,76,2.4,10.4
Hanoi,11/06/2024,28.5,84,5.34,14.0
Ho Chi Minh City,11/06/2024,29.2,70,6.21,16.6
Da Nang,11/06/2024,29.4,72,0.0,16.6
Hanoi,12/06/2024,31.1,73,0.32,18.4
Ho Chi Minh City,12/06/2024,30.6,63,0.04,16.9
Da Nang,12/06/2024,30.4,66,0.0,20.5
Hanoi,13/06/2024,31.5,70,0.01,10.8
Ho Chi Minh City,13/06/2024,31.0,62,0.08,15.8
Da Nang,13/06/2024,31.8,58,0.0,19.4
Hanoi,14/06/2024,31.7,65,4.24,16.6
Ho Chi Minh City,14/06/2024,31.2,63,0.3,19.4
Da Nang,14/06/2024,32.0,57,0.0,19.1
Hanoi,15/06/2024,28.3,84,2.47,10.8
Ho Chi Minh City,15/06/2024,30.9,66,12.49,15.8
Da Nang,15/06/2024,31.5,65,0.01,10.8
Hanoi,16/06/2024,27.1,89,7.61,9.4
Ho Chi Minh City,16/06/2024,30.7,65,5.03,16.6
Da Nang,16/06/2024,30.3,69,0.12,10.8
Hanoi,17/06/2024,30.6,77,4.38,10.4
Ho Chi Minh City,17/06/2024,30.2,65,3.29,18.4
Da Nang,17/06/2024,32.7,57,0.03,17.3
Hanoi,18/06/2024,30.6,73,6.98,6.5
Ho Chi Minh City,18/06/2024,29.9,67,1.95,14.4
Da Nang,18/06/2024,32.5,57,0.11,20.2
Hanoi,19/06/2024,30.4,75,1.77,14.0
Ho Chi Minh City,19/06/2024,30.5,64,0.68,19.8
Da Nang,19/06/2024,32.5,57,0.0,21.2
Hanoi,20/06/2024,32.3,67,0.08,20.5
Ho Chi Minh City,20/06/2024,28.3,76,17.46,16.2
Da Nang,20/06/2024,33.0,55,0.0,11.5
Hanoi,21/06/2024,31.5,72,13.47,20.5
Ho Chi Minh City,21/06/2024,25.4,91,44.0,12.2
Da Nang,21/06/2024,32.3,61,0.02,14.8
Hanoi,22/06/2024,31.0,72,0.99,19.8
Ho Chi Minh City,22/06/2024,26.7,84,23.74,20.9
Da Nang,22/06/2024,31.1,68,1.11,16.9
Hanoi,23/06/2024,30.5,73,3.16,16.9
Ho Chi Minh City,23/06/2024,24.7,90,8.15,23.4
Da Nang,23/06/2024,28.8,80,11.59,8.6
Hanoi,24/06/2024,28.8,78,11.12,15.5
Ho Chi Minh City,24/06/2024,25.5,87,14.04,15.5
Da Nang,24/06/2024,27.6,81,2.72,9.4
Hanoi,25/06/2024,28.8,79,22.79,15.1
Ho Chi Minh City,25/06/2024,24.6,93,14.16,9.4
Da Nang,25/06/2024,28.5,74,2.75,13.0
Hanoi,26/06/2024,27.9,82,24.74,16.9
Ho Chi Minh City,26/06/2024,26.8,82,16.66,9.7
Da Nang,26/06/2024,28.2,77,9.01,15.1
Hanoi,27/06/2024,28.5,79,7.0,18.7
Ho Chi Minh City,27/06/2024,27.3,82,17.5,12.2
Da Nang,27/06/2024,28.1,82,6.01,11.5
Hanoi,28/06/2024,29.5,78,8.41,20.5
Ho Chi Minh City,28/06/2024,28.2,78,10.8,13.3
Da Nang,28/06/2024,29.8,73,0.08,12.2
Hanoi,29/06/2024,31.5,72,0.63,20.2
Ho Chi Minh City,29/06/2024,29.0,73,1.81,18.4
Da Nang,29/06/2024,31.8,61,0.14,19.8
Hanoi,30/06/2024,32.4,65,0.0,10.4
Ho Chi Minh City,30/06/2024,28.4,76,7.38,12.2
Da Nang,30/06/2024,32.2,59,0.03,19.8
Hanoi,01/07/2024,31.1,65,0.04,15.5
Ho Chi Minh City,01/07/2024,29.4,70,0.06,15.8
Da Nang,01/07/2024,32.0,58,0.0,18.0
Hanoi,02/07/2024,29.9,70,4.37,9.0
Ho Chi Minh City,02/07/2024,29.4,71,27.18,13.7
Da Nang,02/07/2024,31.1,58,0.0,16.9
Hanoi,03/07/2024,28.7,80,11.8,12.2
Ho Chi Minh City,03/07/2024,25.6,83,2.29,13.3
Da Nang,03/07/2024,29.9,66,0.32,17.6
Hanoi,04/07/2024,29.3,76,9.64,19.4
Ho Chi Minh City,04/07/2024,28.3,75,7.09,14.8
Da Nang,04/07/2024,28.9,76,4.62,14.8
Hanoi,05/07/2024,29.8,75,2.8,17.3
Ho Chi Minh City,05/07/2024,29.2,70,0.59,16.2
Da Nang,05/07/2024,29.3,73,0.68,17.3
Hanoi,06/07/2024,29.9,75,3.36,19.1
Ho Chi Minh City,06/07/2024,29.7,68,2.48,13.0
Da Nang,06/07/2024,29.7,71,0.49,19.1
Hanoi,07/07/2024,30.0,74,0.76,22.0
Ho Chi Minh City,07/07/2024,28.5,77,16.23,15.8
Da Nang,07/07/2024,30.0,70,0.7,20.2
Hanoi,08/07/2024,30.3,74,3.09,20.2
Ho Chi Minh City,08/07/2024,28.4,74,1.79,14.8
Da Nang,08/07/2024,29.9,71,0.05,16.9
Hanoi,09/07/2024,30.8,73,5.8,18.4
Ho Chi Minh City,09/07/2024,28.6,74,4.91,11.5
Da Nang,09/07/2024,30.8,65,0.47,12.2
Hanoi,10/07/2024,30.9,74,10.54,19.4
Ho Chi Minh City,10/07/2024,25.6,90,25.46,14.8
Da Nang,10/07/2024,30.9,64,0.41,16.6
Hanoi,11/07/2024,31.0,73,5.59,21.2
Ho Chi Minh City,11/07/2024,26.9,80,13.23,28.1
Da Nang,11/07/2024,31.4,61,0.89,15.1
Hanoi,12/07/2024,31.2,70,3.76,18.4
Ho Chi Minh City,12/07/2024,24.8,90,7.88,23.0
Da Nang,12/07/2024,30.9,65,1.22,16.6
Hanoi,13/07/2024,30.9,73,2.41,19.4
Ho Chi Minh City,13/07/2024,26.3,84,9.28,25.9
Da Nang,13/07/2024,30.5,67,1.76,20.2
Hanoi,14/07/2024,30.1,71,4.59,15.5
Ho Chi Minh City,14/07/2024,24.9,89,10.31,22.3
Da Nang,14/07/2024,27.6,81,3.49,18.7
Hanoi,15/07/2024,29.5,74,24.46,11.2
Ho Chi Minh City,15/07/2024,25.8,87,7.3,20.9
Da Nang,15/07/2024,27.2,87,33.06,21.2
Hanoi,16/07/2024,28.9,78,28.13,11.2
Ho Chi Minh City,16/07/2024,26.0,86,7.02,23.0
Da Nang,16/07/2024,27.3,85,30.25,9.4
Hanoi,17/07/2024,28.7,80,29.25,13.7
Ho Chi Minh City,17/07/2024,25.2,91,11.25,15.5
Da Nang,17/07/2024,26.9,88,13.89,10.1
Hanoi,18/07/2024,27.7,85,33.12,11.2
Ho Chi Minh City,18/07/2024,25.4,89,5.32,20.5
Da Nang,18/07/2024,27.4,86,20.18,6.8
Hanoi,19/07/2024,28.6,81,11.95,20.5
Ho Chi Minh City,19/07/2024,26.1,87,13.96,18.0
Da Nang,19/07/2024,27.8,81,4.3,13.3
Hanoi,20/07/2024,28.4,84,20.07,16.9
Ho Chi Minh City,20/07/2024,24.4,93,4.77,11.2
Da Nang,20/07/2024,28.3,80,7.14,11.2
Hanoi,21/07/2024,29.2,79,14.01,14.4
Ho Chi Minh City,21/07/2024,25.2,89,0.46,20.9
Da Nang,21/07/2024,27.8,84,16.41,13.7
Hanoi,22/07/2024,29.5,77,0.14,10.4
Ho Chi Minh City,22/07/2024,27.4,79,2.86,26.6
Da Nang,22/07/2024,28.4,81,2.79,9.4
Hanoi,23/07/2024,27.4,87,21.7,17.3
Ho Chi Minh City,23/07/2024,27.4,79,0.51,23.8
Da Nang,23/07/2024,27.7,78,2.89,20.2
Hanoi,24/07/2024,25.7,94,24.97,9.7
Ho Chi Minh City,24/07/2024,28.5,74,0.87,25.2
Da Nang,24/07/2024,28.6,74,0.35,27.0
Hanoi,25/07/2024,28.9,81,9.84,11.2
Ho Chi Minh City,25/07/2024,26.8,81,3.11,23.0
Da Nang,25/07/2024,25.9,88,21.45,16.6
Hanoi,26/07/2024,31.5,70,0.0,14.8
Ho Chi Minh City,26/07/2024,26.6,78,0.38,20.2
Da Nang,26/07/2024,28.9,72,1.0,21.6
Hanoi,27/07/2024,32.6,69,0.5,14.0
Ho Chi Minh City,27/07/2024,26.1,85,2.77,19.8
Da Nang,27/07/2024,29.4,69,0.0,18.7
Hanoi,28/07/2024,29.9,80,12.51,14.4
Ho Chi Minh City,28/07/2024,27.3,82,19.66,18.4
Da Nang,28/07/2024,30.0,69,2.37,12.2
Hanoi,29/07/2024,25.8,92,12.3,13.0
Ho Chi Minh City,29/07/2024,26.8,85,17.28,14.0
Da Nang,29/07/2024,26.2,87,5.67,12.2
Hanoi,30/07/2024,26.7,88,10.11,7.9
Ho Chi Minh City,30/07/2024,27.3,83,12.76,14.0
Da Nang,30/07/2024,26.7,80,0.54,18.0
Hanoi,31/07/2024,25.9,90,0.88,10.1
Ho Chi Minh City,31/07/2024,27.5,81,7.52,16.9
Da Nang,31/07/2024,27.1,77,0.38,17.3
Hanoi,01/08/2024,26.1,87,0.53,7.9
Ho Chi Minh City,01/08/2024,27.7,80,4.22,11.9
Da Nang,01/08/2024,27.3,72,0.01,18.4
Hanoi,02/08/2024,27.4,78,0.07,13.7
Ho Chi Minh City,02/08/2024,27.9,79,4.5,10.4
Da Nang,02/08/2024,28.5,68,0.0,19.8
Hanoi,03/08/2024,26.2,82,0.13,10.1
Ho Chi Minh City,03/08/2024,28.1,79,13.07,13.3
Da Nang,03/08/2024,27.1,74,0.11,15.1
Hanoi,04/08/2024,28.9,76,2.6,17.6
Ho Chi Minh City,04/08/2024,27.4,77,3.9,15.8
Da Nang,04/08/2024,28.6,69,0.0,10.4
Hanoi,05/08/2024,29.4,76,1.51,15.5
Ho Chi Minh City,05/08/2024,25.9,88,13.0,10.8
Da Nang,05/08/2024,29.1,72,0.03,14.8
Hanoi,06/08/2024,29.3,78,7.87,14.8
Ho Chi Minh City,06/08/2024,27.8,80,8.49,10.8
Da Nang,06/08/2024,29.3,72,0.34,12.2
Hanoi,07/08/2024,30.0,77,5.38,16.9
Ho Chi Minh City,07/08/2024,28.5,75,3.15,15.1
Da Nang,07/08/2024,30.3,69,0.0,15.1
Hanoi,08/08/2024,30.6,76,8.11,18.4
Ho Chi Minh City,08/08/2024,28.2,77,1.35,18.0
Da Nang,08/08/2024,31.4,64,0.56,14.8
Hanoi,09/08/2024,32.1,70,0.67,16.9
Ho Chi Minh City,09/08/2024,28.7,75,0.74,16.6
Da Nang,09/08/2024,32.6,58,0.0,20.5
Hanoi,10/08/2024,32.0,70,1.3,15.1
Ho Chi Minh City,10/08/2024,29.1,72,0.51,16.9
Da Nang,10/08/2024,32.8,57,0.0,18.4
Hanoi,11/08/2024,30.8,74,23.85,19.8
Ho Chi Minh City,11/08/2024,29.2,72,0.56,16.6
Da Nang,11/08/2024,32.2,61,0.29,13.7
Hanoi,12/08/2024,27.0,88,12.69,11.2
Ho Chi Minh City,12/08/2024,28.9,75,6.28,19.1
Da Nang,12/08/2024,28.9,79,9.95,6.8
Hanoi,13/08/2024,28.4,80,12.75,13.0
Ho Chi Minh City,13/08/2024,28.8,75,6.71,18.0
Da Nang,13/08/2024,29.1,74,0.17,7.2
Hanoi,14/08/2024,27.8,80,3.51,16.6
Ho Chi Minh City,14/08/2024,29.1,74,0.62,10.4
Da Nang,14/08/2024,29.3,75,2.67,16.6
Hanoi,15/08/2024,28.1,76,0.55,14.4
Ho Chi Minh City,15/08/2024,29.6,71,0.74,13.3
Da Nang,15/08/2024,29.4,75,1.87,15.1
Hanoi,16/08/2024,30.4,71,1.85,7.9
Ho Chi Minh City,16/08/2024,28.8,76,2.77,11.5
Da Nang,16/08/2024,28.6,79,2.88,14.4
Hanoi,17/08/2024,29.3,77,5.41,11.2
Ho Chi Minh City,17/08/2024,28.8,75,1.2,11.2
Da Nang,17/08/2024,27.9,77,0.26,15.1
Hanoi,18/08/2024,30.8,73,3.62,13.3
Ho Chi Minh City,18/08/2024,29.4,72,0.98,13.0
Da Nang,18/08/2024,30.5,67,0.03,13.7
Hanoi,19/08/2024,30.1,78,8.77,11.5
Ho Chi Minh City,19/08/2024,29.3,73,0.78,12.2
Da Nang,19/08/2024,30.8,65,0.0,16.9
Hanoi,20/08/2024,28.9,83,1.87,9.4
Ho Chi Minh City,20/08/2024,29.3,72,0.87,10.8
Da Nang,20/08/2024,30.2,66,0.0,13.0
Hanoi,21/08/2024,28.0,85,10.49,10.4
Ho Chi Minh City,21/08/2024,28.8,75,1.67,11.2
Da Nang,21/08/2024,31.4,60,0.14,15.5
Hanoi,22/08/2024,26.3,93,22.34,10.4
Ho Chi Minh City,22/08/2024,29.0,74,1.37,16.9
Da Nang,22/08/2024,31.1,63,0.59,13.0
Hanoi,23/08/2024,26.0,91,4.68,6.5
Ho Chi Minh City,23/08/2024,29.5,70,3.42,15.8
Da Nang,23/08/2024,29.8,68,0.9,6.8
Hanoi,24/08/2024,28.6,80,16.14,18.4
Ho Chi Minh City,24/08/2024,29.2,71,4.37,13.0
Da Nang,24/08/2024,29.7,71,0.25,13.0
Hanoi,25/08/2024,27.0,78,2.68,15.5
Ho Chi Minh City,25/08/2024,28.6,75,2.06,12.2
Da Nang,25/08/2024,28.0,76,2.06,10.8
Hanoi,26/08/2024,28.8,81,6.39,11.5
Ho Chi Minh City,26/08/2024,27.3,81,15.3,19.1
Da Nang,26/08/2024,28.8,74,0.07,13.0
Hanoi,27/08/2024,29.5,77,5.21,13.0
Ho Chi Minh City,27/08/2024,26.5,83,9.14,10.1
Da Nang,27/08/2024,29.7,72,0.62,13.0
Hanoi,28/08/2024,30.4,73,1.08,10.8
Ho Chi Minh City,28/08/2024,27.0,81,10.26,23.4
Da Nang,28/08/2024,30.3,67,0.03,19.1
Hanoi,29/08/2024,30.8,73,2.63,11.5
Ho Chi Minh City,29/08/2024,25.3,89,15.95,16.2
Da Nang,29/08/2024,30.4,66,0.02,15.8
Hanoi,30/08/2024,30.9,73,4.7,14.8
Ho Chi Minh City,30/08/2024,25.9,82,1.46,18.0
Da Nang,30/08/2024,30.9,65,0.1,16.2
Hanoi,31/08/2024,29.4,78,1.51,13.7
Ho Chi Minh City,31/08/2024,27.0,77,6.07,14.8
Da Nang,31/08/2024,29.6,71,4.9,19.1
Hanoi,01/09/2024,29.6,76,2.79,11.2
Ho Chi Minh City,01/09/2024,25.4,90,23.36,8.6
Da Nang,01/09/2024,28.8,76,6.52,13.0
Hanoi,02/09/2024,29.7,77,1.48,9.4
Ho Chi Minh City,02/09/2024,25.0,92,9.4,15.1
Da Nang,02/09/2024,28.6,80,3.95,15.8
Hanoi,03/09/2024,29.8,75,2.59,8.6
Ho Chi Minh City,03/09/2024,25.1,91,12.84,23.0
Da Nang,03/09/2024,28.6,77,1.72,13.7
Hanoi,04/09/2024,30.6,68,0.0,10.4
Ho Chi Minh City,04/09/2024,27.1,82,7.23,23.0
Da Nang,04/09/2024,29.5,72,0.74,16.6
Hanoi,05/09/2024,31.0,69,1.6,13.7
Ho Chi Minh City,05/09/2024,26.7,86,13.43,24.8
Da Nang,05/09/2024,29.7,69,2.3,18.4
Hanoi,06/09/2024,31.2,67,2.17,18.4
Ho Chi Minh City,06/09/2024,26.9,84,7.67,22.7
Da Nang,06/09/2024,30.3,67,5.31,17.3
Hanoi,07/09/2024,25.4,89,65.91,37.8
Ho Chi Minh City,07/09/2024,27.5,82,10.57,23.8
Da Nang,07/09/2024,27.4,83,7.78,20.9
Hanoi,08/09/2024,25.7,93,29.99,37.8
Ho Chi Minh City,08/09/2024,27.7,78,1.1,20.9
Da Nang,08/09/2024,29.1,72,0.09,21.2
Hanoi,09/09/2024,25.7,95,16.89,7.6
Ho Chi Minh City,09/09/2024,28.3,75,0.44,18.4
Da Nang,09/09/2024,28.5,75,1.26,14.8
Hanoi,10/09/2024,24.9,95,10.44,10.8
Ho Chi Minh City,10/09/2024,28.1,79,1.87,13.3
Da Nang,10/09/2024,26.5,88,18.1,10.8
Hanoi,11/09/2024,24.3,95,37.97,19.4
Ho Chi Minh City,11/09/2024,25.4,91,27.9,15.5
Da Nang,11/09/2024,27.5,84,10.39,13.0
Hanoi,12/09/2024,24.6,92,37.48,14.8
Ho Chi Minh City,12/09/2024,26.7,87,14.98,14.0
Da Nang,12/09/2024,25.8,89,5.56,6.5
Hanoi,13/09/2024,27.4,82,7.5,11.2
Ho Chi Minh City,13/09/2024,25.7,91,18.81,15.1
Da Nang,13/09/2024,26.8,83,5.84,11.2
Hanoi,14/09/2024,28.7,78,1.82,11.5
Ho Chi Minh City,14/09/2024,26.0,88,6.69,18.4
Da Nang,14/09/2024,27.3,79,2.9,11.5
Hanoi,15/09/2024,28.6,81,9.83,10.1
Ho Chi Minh City,15/09/2024,26.8,85,12.14,19.4
Da Nang,15/09/2024,28.2,75,0.1,13.7
Hanoi,16/09/2024,28.5,78,14.23,11.2
Ho Chi Minh City,16/09/2024,27.1,82,9.35,15.8
Da Nang,16/09/2024,27.8,78,1.73,14.0
Hanoi,17/09/2024,27.8,82,26.52,15.1
Ho Chi Minh City,17/09/2024,25.9,88,38.25,19.4
Da Nang,17/09/2024,27.4,79,7.6,16.2
Hanoi,18/09/2024,25.6,92,24.89,16.2
Ho Chi Minh City,18/09/2024,25.5,90,13.66,16.9
Da Nang,18/09/2024,26.0,89,23.99,17.3
Hanoi,19/09/2024,27.1,82,8.95,19.4
Ho Chi Minh City,19/09/2024,26.0,88,8.68,22.7
Da Nang,19/09/2024,24.7,92,82.33,34.9
Hanoi,20/09/2024,26.0,89,17.11,11.9
Ho Chi Minh City,20/09/2024,26.6,86,8.66,22.7
Da Nang,20/09/2024,25.4,93,128.75,26.3
Hanoi,21/09/2024,27.8,84,19.4,15.8
Ho Chi Minh City,21/09/2024,26.7,84,6.54,24.1
Da Nang,21/09/2024,26.7,87,16.28,10.4
Hanoi,22/09/2024,25.1,89,24.7,22.7
Ho Chi Minh City,22/09/2024,25.1,91,3.19,11.2
Da Nang,22/09/2024,24.3,96,213.94,23.0
Hanoi,23/09/2024,25.2,73,0.0,13.7
Ho Chi Minh City,23/09/2024,26.2,84,5.64,9.7
Da Nang,23/09/2024,22.0,94,76.39,21.6
Hanoi,24/09/2024,23.4,82,1.13,13.3
Ho Chi Minh City,24/09/2024,27.2,79,0.01,7.2
Da Nang,24/09/2024,22.2,87,0.89,11.2
Hanoi,25/09/2024,24.5,85,0.08,7.6
Ho Chi Minh City,25/09/2024,27.3,82,12.9,10.1
Da Nang,25/09/2024,23.9,85,0.25,4.7
Hanoi,26/09/2024,26.8,75,0.1,12.6
Ho Chi Minh City,26/09/2024,27.5,79,0.91,15.1
Da Nang,26/09/2024,25.5,83,1.99,12.2
Hanoi,27/09/2024,27.5,81,0.83,14.4
Ho Chi Minh City,27/09/2024,27.1,80,3.28,15.1
Da Nang,27/09/2024,27.2,86,0.97,10.8
Hanoi,28/09/2024,28.4,82,2.38,16.9
Ho Chi Minh City,28/09/2024,27.7,78,0.27,9.0
Da Nang,28/09/2024,28.0,83,0.48,14.0
Hanoi,29/09/2024,28.0,89,20.34,14.0
Ho Chi Minh City,29/09/2024,28.7,76,0.32,9.4
Da Nang,29/09/2024,28.8,79,0.75,13.3
Hanoi,30/09/2024,28.2,82,24.34,17.6
Ho Chi Minh City,30/09/2024,28.8,76,0.74,11.9
Da Nang,30/09/2024,28.5,80,3.32,10.4
Hanoi,01/10/2024,25.7,75,7.4,26.6
Ho Chi Minh City,01/10/2024,28.4,79,9.35,14.8
Da Nang,01/10/2024,27.0,85,35.51,21.6
Hanoi,02/10/2024,24.4,60,0.01,21.2
Ho Chi Minh City,02/10/2024,28.3,78,3.89,11.2
Da Nang,02/10/2024,23.3,80,3.18,19.8
Hanoi,03/10/2024,23.6,52,0.0,21.2
Ho Chi Minh City,03/10/2024,26.8,86,27.13,7.6
Da Nang,03/10/2024,23.3,71,0.04,16.6
Hanoi,04/10/2024,24.2,56,0.0,9.0
Ho Chi Minh City,04/10/2024,27.2,79,2.75,12.2
Da Nang,04/10/2024,24.1,72,0.47,15.5
Hanoi,05/10/2024,25.1,60,0.0,9.7
Ho Chi Minh City,05/10/2024,27.6,78,4.98,10.4
Da Nang,05/10/2024,24.0,76,0.23,14.4
Hanoi,06/10/2024,26.1,59,0.0,10.4
Ho Chi Minh City,06/10/2024,26.0,88,19.45,9.4
Da Nang,06/10/2024,24.4,77,0.31,15.5
Hanoi,07/10/2024,27.6,60,0.0,14.8
Ho Chi Minh City,07/10/2024,27.0,84,16.55,10.4
Da Nang,07/10/2024,24.2,79,0.11,12.6
Hanoi,08/10/2024,27.9,58,0.0,15.5
Ho Chi Minh City,08/10/2024,27.0,83,9.09,9.0
Da Nang,08/10/2024,25.0,80,3.63,13.0
Hanoi,09/10/2024,27.8,59,0.0,13.7
Ho Chi Minh City,09/10/2024,26.0,87,3.53,9.0
Da Nang,09/10/2024,25.5,79,3.76,17.6
Hanoi,10/10/2024,27.4,61,0.0,15.1
Ho Chi Minh City,10/10/2024,27.2,82,6.06,10.1
Da Nang,10/10/2024,25.1,78,0.21,12.6
Hanoi,11/10/2024,27.0,60,0.0,16.9
Ho Chi Minh City,11/10/2024,27.8,82,7.13,11.9
Da Nang,11/10/2024,25.0,78,0.01,11.2
Hanoi,12/10/2024,26.3,73,1.39,15.5
Ho Chi Minh City,12/10/2024,27.7,83,10.78,10.4
Da Nang,12/10/2024,25.4,83,3.31,9.7
Hanoi,13/10/2024,26.9,76,4.09,15.1
Ho Chi Minh City,13/10/2024,27.7,84,10.36,10.1
Da Nang,13/10/2024,25.9,84,5.18,9.7
Hanoi,14/10/2024,27.2,73,0.39,15.1
Ho Chi Minh City,14/10/2024,27.8,82,15.49,10.1
Da Nang,14/10/2024,26.4,82,0.55,12.2
Hanoi,15/10/2024,27.6,74,4.17,16.2
Ho Chi Minh City,15/10/2024,27.5,83,19.77,11.5
Da Nang,15/10/2024,26.5,85,4.32,11.5
Hanoi,16/10/2024,27.4,71,0.27,14.4
Ho Chi Minh City,16/10/2024,26.8,84,6.32,8.6
Da Nang,16/10/2024,25.9,86,12.72,18.0
Hanoi,17/10/2024,28.0,70,0.22,15.5
Ho Chi Minh City,17/10/2024,26.6,85,9.87,8.6
Da Nang,17/10/2024,26.0,85,2.07,11.9
Hanoi,18/10/2024,28.0,74,2.79,15.1
Ho Chi Minh City,18/10/2024,26.0,88,18.75,10.1
Da Nang,18/10/2024,26.5,84,3.36,12.6
Hanoi,19/10/2024,27.6,77,17.01,14.8
Ho Chi Minh City,19/10/2024,25.3,90,10.95,15.1
Da Nang,19/10/2024,26.6,84,4.03,10.8
Hanoi,20/10/2024,27.7,73,12.56,16.9
Ho Chi Minh City,20/10/2024,26.1,87,21.22,13.7
Da Nang,20/10/2024,26.2,85,12.02,10.8
Hanoi,21/10/2024,25.5,82,6.92,7.9
Ho Chi Minh City,21/10/2024,26.3,87,6.28,13.3
Da Nang,21/10/2024,25.7,87,12.42,9.0
Hanoi,22/10/2024,27.9,67,1.49,20.5
Ho Chi Minh City,22/10/2024,24.4,95,27.67,12.6
Da Nang,22/10/2024,25.5,87,12.8,20.5
Hanoi,23/10/2024,27.6,53,0.01,21.6
Ho Chi Minh City,23/10/2024,25.0,91,9.06,10.8
Da Nang,23/10/2024,24.6,85,14.37,19.8
Hanoi,24/10/2024,26.6,49,0.0,10.8
Ho Chi Minh City,24/10/2024,26.8,78,0.54,13.0
Da Nang,24/10/2024,24.3,76,0.52,14.0
Hanoi,25/10/2024,26.4,42,0.0,13.3
Ho Chi Minh City,25/10/2024,27.3,80,2.38,15.1
Da Nang,25/10/2024,23.7,71,0.0,13.3
Hanoi,26/10/2024,26.6,42,0.79,25.9
Ho Chi Minh City,26/10/2024,26.5,83,1.86,13.7
Da Nang,26/10/2024,22.3,76,64.8,26.3
Hanoi,27/10/2024,19.8,87,31.82,21.2
Ho Chi Minh City,27/10/2024,25.7,87,4.35,10.1
Da Nang,27/10/2024,20.5,94,97.89,37.4
Hanoi,28/10/2024,20.1,88,4.14,20.2
Ho Chi Minh City,28/10/2024,23.2,96,23.51,8.3
Da Nang,28/10/2024,20.6,94,68.92,31.7
Hanoi,29/10/2024,20.3,87,3.86,14.4
Ho Chi Minh City,29/10/2024,25.2,84,2.44,17.6
Da Nang,29/10/2024,20.5,95,28.53,20.9
Hanoi,30/10/2024,24.2,66,0.0,10.8
Ho Chi Minh City,30/10/2024,26.4,82,1.89,14.0
Da Nang,30/10/2024,21.7,92,20.91,19.4
Hanoi,31/10/2024,26.9,59,0.0,9.4
Ho Chi Minh City,31/10/2024,26.7,81,1.22,17.6
Da Nang,31/10/2024,23.9,79,0.0,7.6
Hanoi,01/11/2024,27.5,49,0.0,20.2
Ho Chi Minh City,01/11/2024,26.1,85,5.0,15.1
Da Nang,01/11/2024,24.7,79,0.04,13.0
Hanoi,02/11/2024,26.0,42,0.0,22.7
Ho Chi Minh City,02/11/2024,24.5,92,6.55,16.2
Da Nang,02/11/2024,23.2,72,0.07,19.1
Hanoi,03/11/2024,25.4,54,0.02,11.2
Ho Chi Minh City,03/11/2024,25.7,87,8.38,11.9
Da Nang,03/11/2024,22.3,82,21.03,17.6
Hanoi,04/11/2024,25.1,62,0.02,18.0
Ho Chi Minh City,04/11/2024,26.5,85,15.43,14.8
Da Nang,04/11/2024,22.3,92,69.14,19.8
Hanoi,05/11/2024,20.9,82,5.35,17.6
Ho Chi Minh City,05/11/2024,26.7,82,14.29,9.0
Da Nang,05/11/2024,21.9,95,134.37,19.4
Hanoi,06/11/2024,23.1,62,0.34,10.4
Ho Chi Minh City,06/11/2024,26.6,83,9.95,9.0
Da Nang,06/11/2024,20.8,92,36.66,13.3
Hanoi,07/11/2024,24.4,58,0.0,11.2
Ho Chi Minh City,07/11/2024,26.2,85,13.03,6.1
Da Nang,07/11/2024,21.1,89,13.95,12.6
Hanoi,08/11/2024,25.1,59,0.0,15.1
Ho Chi Minh City,08/11/2024,25.3,85,0.74,8.3
Da Nang,08/11/2024,22.2,84,4.82,10.4
Hanoi,09/11/2024,24.9,53,0.0,8.6
Ho Chi Minh City,09/11/2024,25.7,85,6.82,7.9
Da Nang,09/11/2024,21.4,78,0.0,10.1
Hanoi,10/11/2024,25.9,48,0.0,8.3
Ho Chi Minh City,10/11/2024,26.2,86,14.46,9.7
Da Nang,10/11/2024,22.2,73,0.0,9.4
Hanoi,11/11/2024,26.4,51,0.0,13.7
Ho Chi Minh City,11/11/2024,25.9,86,3.06,8.6
Da Nang,11/11/2024,23.0,74,0.0,10.4
Hanoi,12/11/2024,26.9,62,0.0,17.3
Ho Chi Minh City,12/11/2024,27.1,82,7.64,8.3
Da Nang,12/11/2024,23.9,83,0.22,12.2
Hanoi,13/11/2024,26.6,70,0.17,15.5
Ho Chi Minh City,13/11/2024,26.8,82,4.08,10.1
Da Nang,13/11/2024,24.4,86,0.27,10.1
Hanoi,14/11/2024,27.2,70,0.02,15.8
Ho Chi Minh City,14/11/2024,26.9,80,0.46,11.9
Da Nang,14/11/2024,24.9,88,0.2,10.8
Hanoi,15/11/2024,27.8,67,0.0,19.1
Ho Chi Minh City,15/11/2024,26.9,84,3.63,12.2
Da Nang,15/11/2024,25.2,88,0.08,10.4
Hanoi,16/11/2024,27.5,71,0.34,15.5
Ho Chi Minh City,16/11/2024,26.6,82,0.73,13.3
Da Nang,16/11/2024,25.5,86,1.3,12.6
Hanoi,17/11/2024,28.2,62,1.13,18.0
Ho Chi Minh City,17/11/2024,26.5,80,0.21,12.6
Da Nang,17/11/2024,25.4,82,1.51,12.6
Hanoi,18/11/2024,26.2,69,13.45,11.9
Ho Chi Minh City,18/11/2024,27.0,76,0.01,10.1
Da Nang,18/11/2024,24.7,83,15.75,20.9
Hanoi,19/11/2024,25.3,57,0.01,13.0
Ho Chi Minh City,19/11/2024,27.1,74,0.01,11.2
Da Nang,19/11/2024,24.2,84,17.53,23.8
Hanoi,20/11/2024,24.6,52,0.0,19.4
Ho Chi Minh City,20/11/2024,27.0,79,3.31,10.8
Da Nang,20/11/2024,22.1,89,13.88,19.8
Hanoi,21/11/2024,23.4,53,0.0,14.8
Ho Chi Minh City,21/11/2024,27.2,80,0.79,10.4
Da Nang,21/11/2024,21.3,91,16.24,14.8
Hanoi,22/11/2024,23.2,52,0.0,14.4
Ho Chi Minh City,22/11/2024,27.4,77,0.25,11.5
Da Nang,22/11/2024,20.8,88,12.34,14.8
Hanoi,23/11/2024,24.3,56,0.0,20.2
Ho Chi Minh City,23/11/2024,27.1,77,0.18,9.4
Da Nang,23/11/2024,21.0,90,7.32,11.5
Hanoi,24/11/2024,21.7,78,0.78,8.3
Ho Chi Minh City,24/11/2024,27.6,74,0.08,11.2
Da Nang,24/11/2024,22.1,89,1.13,13.7
Hanoi,25/11/2024,23.0,78,1.22,9.0
Ho Chi Minh City,25/11/2024,27.8,75,0.4,11.2
Da Nang,25/11/2024,22.8,88,0.48,11.2
Hanoi,26/11/2024,17.7,75,7.12,27.0
Ho Chi Minh City,26/11/2024,27.6,76,0.9,9.4
Da Nang,26/11/2024,20.4,93,27.18,21.6
Hanoi,27/11/2024,18.7,58,0.08,19.1
Ho Chi Minh City,27/11/2024,26.3,75,0.01,8.3
Da Nang,27/11/2024,18.3,89,13.16,21.6
Hanoi,28/11/2024,20.7,42,0.0,19.8
Ho Chi Minh City,28/11/2024,26.4,72,0.33,18.7
Da Nang,28/11/2024,18.6,79,1.72,16.2
Hanoi,29/11/2024,20.7,37,0.0,14.0
Ho Chi Minh City,29/11/2024,25.3,69,0.0,14.4
Da Nang,29/11/2024,19.7,71,0.19,19.1
Hanoi,30/11/2024,21.4,51,0.0,20.9
Ho Chi Minh City,30/11/2024,25.4,69,0.0,11.9
Da Nang,30/11/2024,18.8,77,0.02,11.2
Hanoi,01/12/2024,21.7,65,0.07,15.1
Ho Chi Minh City,01/12/2024,25.7,82,3.36,7.6
Da Nang,01/12/2024,20.2,84,0.04,9.0
Hanoi,02/12/2024,21.5,74,0.25,8.6
Ho Chi Minh City,02/12/2024,24.4,93,2.51,6.1
Da Nang,02/12/2024,21.0,90,0.65,8.3
Hanoi,03/12/2024,22.7,72,0.16,12.6
Ho Chi Minh City,03/12/2024,26.5,81,3.51,11.2
Da Nang,03/12/2024,22.2,90,1.27,7.9
Hanoi,04/12/2024,22.6,75,0.64,13.0
Ho Chi Minh City,04/12/2024,26.3,79,0.04,9.7
Da Nang,04/12/2024,23.6,84,1.59,10.1
Hanoi,05/12/2024,22.8,73,0.94,12.2
Ho Chi Minh City,05/12/2024,26.6,83,11.89,9.0
Da Nang,05/12/2024,22.5,84,0.21,9.7
Hanoi,06/12/2024,22.4,78,2.92,18.0
Ho Chi Minh City,06/12/2024,27.0,82,4.53,10.8
Da Nang,06/12/2024,21.7,90,0.8,7.6
Hanoi,07/12/2024,20.1,69,1.03,15.5
Ho Chi Minh City,07/12/2024,27.0,80,3.6,11.2
Da Nang,07/12/2024,22.8,88,6.25,15.8
Hanoi,08/12/2024,18.4,57,0.0,18.0
Ho Chi Minh City,08/12/2024,27.0,78,1.54,9.7
Da Nang,08/12/2024,19.8,89,11.58,21.6
Hanoi,09/12/2024,18.6,59,0.05,7.9
Ho Chi Minh City,09/12/2024,25.3,77,0.01,10.1
Da Nang,09/12/2024,19.1,88,1.51,13.0
Hanoi,10/12/2024,22.0,65,0.18,13.0
Ho Chi Minh City,10/12/2024,26.6,75,0.01,9.4
Da Nang,10/12/2024,21.0,87,0.26,8.3
Hanoi,11/12/2024,18.8,82,7.4,23.0
Ho Chi Minh City,11/12/2024,26.3,79,1.53,4.7
Da Nang,11/12/2024,22.2,93,8.59,24.1
Hanoi,12/12/2024,16.4,75,0.33,10.8
Ho Chi Minh City,12/12/2024,26.9,82,15.36,9.7
Da Nang,12/12/2024,19.7,93,11.53,19.8
